player_id,name,overall,photo_url,player_page_url,nba_player_id,source
,Nikola Jokić,98,https://cdn.nba.com/headshots/nba/latest/1040x760/203999.png,https://www.nba.com/player/203999,203999,
,Shai Gilgeous-Alexander,98,https://cdn.nba.com/headshots/nba/latest/1040x760/1628983.png,https://www.nba.com/player/1628983,1628983,
,Giannis Antetokounmpo,97,https://cdn.nba.com/headshots/nba/latest/1040x760/203507.png,https://www.nba.com/player/203507,203507,
,Luka Dončić,97,https://cdn.nba.com/headshots/nba/latest/1040x760/1629029.png,https://www.nba.com/player/1629029,1629029,
,Anthony Edwards,95,https://cdn.nba.com/headshots/nba/latest/1040x760/1630162.png,https://www.nba.com/player/1630162,1630162,
,LeBron James,95,https://cdn.nba.com/headshots/nba/latest/1040x760/2544.png,https://www.nba.com/player/2544,2544,
,Victor Wembanyama,95,https://cdn.nba.com/headshots/nba/latest/1040x760/1641705.png,https://www.nba.com/player/1641705,1641705,
,Jayson Tatum,94,https://cdn.nba.com/headshots/nba/latest/1040x760/1628369.png,https://www.nba.com/player/1628369,1628369,
,Kevin Durant,94,https://cdn.nba.com/headshots/nba/latest/1040x760/201142.png,https://www.nba.com/player/201142,201142,
,Stephen Curry,94,https://cdn.nba.com/headshots/nba/latest/1040x760/201939.png,https://www.nba.com/player/201939,201939,
,Stephon Curry,94,https://cdn.nba.com/headshots/nba/latest/1040x760/201939.png,https://www.nba2klab.com/teams/golden-state-warriors/stephon-curry,,2K26_only
,Anthony Davis,93,https://cdn.nba.com/headshots/nba/latest/1040x760/203076.png,https://www.nba.com/player/203076,203076,
,Devin Booker,93,https://cdn.nba.com/headshots/nba/latest/1040x760/1626164.png,https://www.nba.com/player/1626164,1626164,
,Donovan Mitchell,93,https://cdn.nba.com/headshots/nba/latest/1040x760/1628378.png,https://www.nba.com/player/1628378,1628378,
,Jalen Brunson,93,https://cdn.nba.com/headshots/nba/latest/1040x760/1628973.png,https://www.nba.com/player/1628973,1628973,
,Tyrese Haliburton,93,https://cdn.nba.com/headshots/nba/latest/1040x760/1630169.png,https://www.nba.com/player/1630169,1630169,
,Cade Cunningham,92,https://cdn.nba.com/headshots/nba/latest/1040x760/1630595.png,https://www.nba.com/player/1630595,1630595,
,Karl-Anthony Towns,92,https://cdn.nba.com/headshots/nba/latest/1040x760/1626157.png,https://www.nba.com/player/1626157,1626157,
,Kawhi Leonard,92,https://cdn.nba.com/headshots/nba/latest/1040x760/202695.png,https://www.nba.com/player/202695,202695,
,Ja Morant,91,https://cdn.nba.com/headshots/nba/latest/1040x760/1629630.png,https://www.nba.com/player/1629630,1629630,
,Jaylen Brown,91,https://cdn.nba.com/headshots/nba/latest/1040x760/1627759.png,https://www.nba.com/player/1627759,1627759,
,Jalen Williams,90,https://cdn.nba.com/headshots/nba/latest/1040x760/1631114.png,https://www.nba.com/player/1631114,1631114,
,Joel Embiid,90,https://cdn.nba.com/headshots/nba/latest/1040x760/203954.png,https://www.nba.com/player/203954,203954,
,Kyrie Irving,90,https://cdn.nba.com/headshots/nba/latest/1040x760/202681.png,https://www.nba.com/player/202681,202681,
,Paolo Banchero,90,https://cdn.nba.com/headshots/nba/latest/1040x760/1631094.png,https://www.nba.com/player/1631094,1631094,
,Evan Mobley,89,https://cdn.nba.com/headshots/nba/latest/1040x760/1630596.png,https://www.nba.com/player/1630596,1630596,
,James Harden,89,https://cdn.nba.com/headshots/nba/latest/1040x760/201935.png,https://www.nba.com/player/201935,201935,
,Jaren Jackson Jr.,89,https://cdn.nba.com/headshots/nba/latest/1040x760/1628991.png,https://www.nba.com/player/1628991,1628991,
,Pascal Siakam,89,https://cdn.nba.com/headshots/nba/latest/1040x760/1627783.png,https://www.nba.com/player/1627783,1627783,
,Tyrese Maxey,89,https://cdn.nba.com/headshots/nba/latest/1040x760/1630178.png,https://www.nba.com/player/1630178,1630178,
,Alperen Sengun,88,https://cdn.nba.com/headshots/nba/latest/1040x760/1630578.png,https://www.nba.com/player/1630578,1630578,
,Bam Adebayo,88,https://cdn.nba.com/headshots/nba/latest/1040x760/1628389.png,https://www.nba.com/player/1628389,1628389,
,Chet Holmgren,88,https://cdn.nba.com/headshots/nba/latest/1040x760/1631096.png,https://www.nba.com/player/1631096,1631096,
,Damian Lillard,88,https://cdn.nba.com/headshots/nba/latest/1040x760/203081.png,https://www.nba.com/player/203081,203081,
,Trae Young,88,https://cdn.nba.com/headshots/nba/latest/1040x760/1629027.png,https://www.nba.com/player/1629027,1629027,
,Amen Thompson,87,https://cdn.nba.com/headshots/nba/latest/1040x760/1641708.png,https://www.nba.com/player/1641708,1641708,
,Darius Garland,87,https://cdn.nba.com/headshots/nba/latest/1040x760/1629636.png,https://www.nba.com/player/1629636,1629636,
,Domantas Sabonis,87,https://cdn.nba.com/headshots/nba/latest/1040x760/1627734.png,https://www.nba.com/player/1627734,1627734,
,Ivica Zubac,87,https://cdn.nba.com/headshots/nba/latest/1040x760/1627826.png,https://www.nba.com/player/1627826,1627826,
,Jimmy Butler III,87,https://cdn.nba.com/headshots/nba/latest/1040x760/202710.png,https://www.nba.com/player/202710,202710,
,LaMelo Ball,87,https://cdn.nba.com/headshots/nba/latest/1040x760/1630163.png,https://www.nba.com/player/1630163,1630163,
,Zion Williamson,87,https://cdn.nba.com/headshots/nba/latest/1040x760/1629627.png,https://www.nba.com/player/1629627,1629627,
,Franz Wagner,86,https://cdn.nba.com/headshots/nba/latest/1040x760/1630532.png,https://www.nba.com/player/1630532,1630532,
,Jamal Murray,86,https://cdn.nba.com/headshots/nba/latest/1040x760/1627750.png,https://www.nba.com/player/1627750,1627750,
,Julius Randle,86,https://cdn.nba.com/headshots/nba/latest/1040x760/203944.png,https://www.nba.com/player/203944,203944,
,Nic Claxton,86,https://cdn.nba.com/headshots/nba/latest/1040x760/1629651.png,https://www.nba.com/player/1629651,1629651,
,Tyler Herro,86,https://cdn.nba.com/headshots/nba/latest/1040x760/1629639.png,https://www.nba.com/player/1629639,1629639,
,De'Aaron Fox,85,https://cdn.nba.com/headshots/nba/latest/1040x760/1628368.png,https://www.nba.com/player/1628368,1628368,
,DeMar DeRozan,85,https://cdn.nba.com/headshots/nba/latest/1040x760/201942.png,https://www.nba.com/player/201942,201942,
,Jalen Johnson,85,https://cdn.nba.com/headshots/nba/latest/1040x760/1630552.png,https://www.nba.com/player/1630552,1630552,
,Josh Giddey,85,https://cdn.nba.com/headshots/nba/latest/1040x760/1630581.png,https://www.nba.com/player/1630581,1630581,
,Jrue Holiday,85,https://cdn.nba.com/headshots/nba/latest/1040x760/201950.png,https://www.nba.com/player/201950,201950,
,Kristaps Porziņģis,85,https://cdn.nba.com/headshots/nba/latest/1040x760/204001.png,https://www.nba.com/player/204001,204001,
,OG Anunoby,85,https://cdn.nba.com/headshots/nba/latest/1040x760/1628384.png,https://www.nba.com/player/1628384,1628384,
,Scottie Barnes,85,https://cdn.nba.com/headshots/nba/latest/1040x760/1630567.png,https://www.nba.com/player/1630567,1630567,
,Zach LaVine,85,https://cdn.nba.com/headshots/nba/latest/1040x760/203897.png,https://www.nba.com/player/203897,203897,
,Brandon Ingram,84,https://cdn.nba.com/headshots/nba/latest/1040x760/1627742.png,https://www.nba.com/player/1627742,1627742,
,Deni Avdija,84,https://cdn.nba.com/headshots/nba/latest/1040x760/1630166.png,https://www.nba.com/player/1630166,1630166,
,Derrick White,84,https://cdn.nba.com/headshots/nba/latest/1040x760/1628401.png,https://www.nba.com/player/1628401,1628401,
,Jarrett Allen,84,https://cdn.nba.com/headshots/nba/latest/1040x760/1628386.png,https://www.nba.com/player/1628386,1628386,
,Lauri Markkanen,84,https://cdn.nba.com/headshots/nba/latest/1040x760/1628374.png,https://www.nba.com/player/1628374,1628374,
,Mikal Bridges,84,https://cdn.nba.com/headshots/nba/latest/1040x760/1628969.png,https://www.nba.com/player/1628969,1628969,
,Norman Powell,84,https://cdn.nba.com/headshots/nba/latest/1040x760/1626181.png,https://www.nba.com/player/1626181,1626181,
,Rudy Gobert,84,https://cdn.nba.com/headshots/nba/latest/1040x760/203497.png,https://www.nba.com/player/203497,203497,
,Stephon Castle,84,https://cdn.nba.com/headshots/nba/latest/1040x760/1642264.png,https://www.nba.com/player/1642264,1642264,
,Alexandre Sarr,83,https://cdn.nba.com/headshots/nba/latest/1040x760/1642259.png,,,2K26_only
,Cameron Johnson,83,https://cdn.nba.com/headshots/nba/latest/1040x760/1629661.png,https://www.nba.com/player/1629661,1629661,
,Coby White,83,https://cdn.nba.com/headshots/nba/latest/1040x760/1629632.png,https://www.nba.com/player/1629632,1629632,
,Deandre Ayton,83,https://cdn.nba.com/headshots/nba/latest/1040x760/1629028.png,https://www.nba.com/player/1629028,1629028,
,Nikola Vučević,83,https://cdn.nba.com/headshots/nba/latest/1040x760/202696.png,https://www.nba.com/player/202696,202696,
,Aaron Gordon,82,https://cdn.nba.com/headshots/nba/latest/1040x760/203932.png,https://www.nba.com/player/203932,203932,
,Brandon Miller,82,https://cdn.nba.com/headshots/nba/latest/1040x760/1641706.png,https://www.nba.com/player/1641706,1641706,
,Cooper Flagg,82,https://cdn.nba.com/headshots/nba/latest/1040x760/1642843.png,https://www.nba.com/player/1642843,1642843,
,Fred VanVleet,82,https://cdn.nba.com/headshots/nba/latest/1040x760/1627832.png,https://www.nba.com/player/1627832,1627832,
,Isaiah Hartenstein,82,https://cdn.nba.com/headshots/nba/latest/1040x760/1628392.png,https://www.nba.com/player/1628392,1628392,
,Jaden McDaniels,82,https://cdn.nba.com/headshots/nba/latest/1040x760/1630183.png,https://www.nba.com/player/1630183,1630183,
,Jalen Green,82,https://cdn.nba.com/headshots/nba/latest/1040x760/1630224.png,https://www.nba.com/player/1630224,1630224,
,Jalen Suggs,82,https://cdn.nba.com/headshots/nba/latest/1040x760/1630591.png,https://www.nba.com/player/1630591,1630591,
,John Collins,82,https://cdn.nba.com/headshots/nba/latest/1040x760/1628381.png,https://www.nba.com/player/1628381,1628381,
,Michael Porter Jr.,82,https://cdn.nba.com/headshots/nba/latest/1040x760/1629008.png,https://www.nba.com/player/1629008,1629008,
,Naz Reid,82,https://cdn.nba.com/headshots/nba/latest/1040x760/1629675.png,https://www.nba.com/player/1629675,1629675,
,RJ Barrett,82,https://cdn.nba.com/headshots/nba/latest/1040x760/1629628.png,https://www.nba.com/player/1629628,1629628,
,Toumani Camara,82,https://cdn.nba.com/headshots/nba/latest/1040x760/1641739.png,https://www.nba.com/player/1641739,1641739,
,Walker Kessler,82,https://cdn.nba.com/headshots/nba/latest/1040x760/1631117.png,https://www.nba.com/player/1631117,1631117,
,Andrew Nembhard,81,https://cdn.nba.com/headshots/nba/latest/1040x760/1629614.png,https://www.nba.com/player/1629614,1629614,
,Austin Reaves,81,https://cdn.nba.com/headshots/nba/latest/1040x760/1630559.png,https://www.nba.com/player/1630559,1630559,
,Bennedict Mathurin,81,https://cdn.nba.com/headshots/nba/latest/1040x760/1631097.png,https://www.nba.com/player/1631097,1631097,
,Dejounte Murray,81,https://cdn.nba.com/headshots/nba/latest/1040x760/1627749.png,https://www.nba.com/player/1627749,1627749,
,Desmond Bane,81,https://cdn.nba.com/headshots/nba/latest/1040x760/1630217.png,https://www.nba.com/player/1630217,1630217,
,Devin Vassell,81,https://cdn.nba.com/headshots/nba/latest/1040x760/1630170.png,https://www.nba.com/player/1630170,1630170,
,Draymond Green,81,https://cdn.nba.com/headshots/nba/latest/1040x760/203110.png,https://www.nba.com/player/203110,203110,
,Immanuel Quickley,81,https://cdn.nba.com/headshots/nba/latest/1040x760/1630193.png,https://www.nba.com/player/1630193,1630193,
,Jalen Duren,81,https://cdn.nba.com/headshots/nba/latest/1040x760/1631105.png,https://www.nba.com/player/1631105,1631105,
,Jerami Grant,81,https://cdn.nba.com/headshots/nba/latest/1040x760/203924.png,https://www.nba.com/player/203924,203924,
,Josh Hart,81,https://cdn.nba.com/headshots/nba/latest/1040x760/1628404.png,https://www.nba.com/player/1628404,1628404,
,Kyshawn George,81,https://cdn.nba.com/headshots/nba/latest/1040x760/1642273.png,https://www.nba.com/player/1642273,1642273,
,Luguentz Dort,81,https://cdn.nba.com/headshots/nba/latest/1040x760/1629652.png,https://www.nba.com/player/1629652,1629652,
,Myles Turner,81,https://cdn.nba.com/headshots/nba/latest/1040x760/1626167.png,https://www.nba.com/player/1626167,1626167,
,Onyeka Okongwu,81,https://cdn.nba.com/headshots/nba/latest/1040x760/1630168.png,https://www.nba.com/player/1630168,1630168,
,Paul George,81,https://cdn.nba.com/headshots/nba/latest/1040x760/202331.png,https://www.nba.com/player/202331,202331,
,Shaedon Sharpe,81,https://cdn.nba.com/headshots/nba/latest/1040x760/1631101.png,https://www.nba.com/player/1631101,1631101,
,VJ Edgecombe,81,https://cdn.nba.com/headshots/nba/latest/1040x760/1642845.png,https://www.nba.com/player/1642845,1642845,
,Aaron Nesmith,80,https://cdn.nba.com/headshots/nba/latest/1040x760/1630174.png,https://www.nba.com/player/1630174,1630174,
,Al Horford,80,https://cdn.nba.com/headshots/nba/latest/1040x760/201143.png,https://www.nba.com/player/201143,201143,
,Alex Caruso,80,https://cdn.nba.com/headshots/nba/latest/1040x760/1627936.png,https://www.nba.com/player/1627936,1627936,
,Andrew Wiggins,80,https://cdn.nba.com/headshots/nba/latest/1040x760/203952.png,https://www.nba.com/player/203952,203952,
,Bobby Portis,80,https://cdn.nba.com/headshots/nba/latest/1040x760/1626171.png,https://www.nba.com/player/1626171,1626171,
,Bradley Beal,80,https://cdn.nba.com/headshots/nba/latest/1040x760/203078.png,https://www.nba.com/player/203078,203078,
,Brook Lopez,80,https://cdn.nba.com/headshots/nba/latest/1040x760/201572.png,https://www.nba.com/player/201572,201572,
,Cam Thomas,80,https://cdn.nba.com/headshots/nba/latest/1040x760/1630560.png,https://www.nba.com/player/1630560,1630560,
,Cameron Thomas,80,https://cdn.nba.com/headshots/nba/latest/1040x760/1630560.png,https://www.nba2klab.com/players/cameron-thomas,,2K26_only
,Christian Braun,80,https://cdn.nba.com/headshots/nba/latest/1040x760/1631128.png,https://www.nba.com/player/1631128,1631128,
,Collin Sexton,80,https://cdn.nba.com/headshots/nba/latest/1040x760/1629012.png,https://www.nba.com/player/1629012,1629012,
,Daniel Gaffford,80,https://cdn.nba.com/headshots/nba/latest/1040x760/1629655.png,https://www.nba2klab.com/teams/dallas-mavericks/daniel-gaffford,,2K26_only
,Daniel Gafford,80,https://cdn.nba.com/headshots/nba/latest/1040x760/1629655.png,https://www.nba.com/player/1629655,1629655,
,De'Andre Hunter,80,https://cdn.nba.com/headshots/nba/latest/1040x760/1629631.png,https://www.nba.com/player/1629631,1629631,
,Dereck Lively II,80,https://cdn.nba.com/headshots/nba/latest/1040x760/1641726.png,https://www.nba.com/player/1641726,1641726,
,Donovan Clingan,80,https://cdn.nba.com/headshots/nba/latest/1040x760/1642270.png,https://www.nba.com/player/1642270,1642270,
,Jakob Poeltl,80,https://cdn.nba.com/headshots/nba/latest/1040x760/1627751.png,https://www.nba.com/player/1627751,1627751,
,Jared McCain,80,https://cdn.nba.com/headshots/nba/latest/1040x760/1642272.png,https://www.nba.com/player/1642272,1642272,
,Jordan Poole,80,https://cdn.nba.com/headshots/nba/latest/1040x760/1629673.png,https://www.nba.com/player/1629673,1629673,
,Keegan Murray,80,https://cdn.nba.com/headshots/nba/latest/1040x760/1631099.png,https://www.nba.com/player/1631099,1631099,
,Kelly Oubre Jr.,80,https://cdn.nba.com/headshots/nba/latest/1040x760/1626162.png,https://www.nba.com/player/1626162,1626162,
,Malik Monk,80,https://cdn.nba.com/headshots/nba/latest/1040x760/1628370.png,https://www.nba.com/player/1628370,1628370,
,Marcus Smart,80,https://cdn.nba.com/headshots/nba/latest/1040x760/203935.png,https://www.nba.com/player/203935,203935,
,Miles Bridges,80,https://cdn.nba.com/headshots/nba/latest/1040x760/1628970.png,https://www.nba.com/player/1628970,1628970,
,Nickeil Alexander-Walker,80,https://cdn.nba.com/headshots/nba/latest/1040x760/1629638.png,https://www.nba.com/player/1629638,1629638,
,Obi Toppin,80,https://cdn.nba.com/headshots/nba/latest/1040x760/1630167.png,https://www.nba.com/player/1630167,1630167,
,Payton Pritchard,80,https://cdn.nba.com/headshots/nba/latest/1040x760/1630202.png,https://www.nba.com/player/1630202,1630202,
,Quentin Grimes,80,https://cdn.nba.com/headshots/nba/latest/1040x760/1629656.png,https://www.nba.com/player/1629656,1629656,
,T.J. McConnell,80,https://cdn.nba.com/headshots/nba/latest/1040x760/204456.png,https://www.nba.com/player/204456,204456,
,Tobias Harris,80,https://cdn.nba.com/headshots/nba/latest/1040x760/202699.png,https://www.nba.com/player/202699,202699,
,Trey Murphy III,80,https://cdn.nba.com/headshots/nba/latest/1040x760/1630530.png,https://www.nba.com/player/1630530,1630530,
,Bilal Coulibaly,79,https://cdn.nba.com/headshots/nba/latest/1040x760/1641731.png,https://www.nba.com/player/1641731,1641731,
,Brandin Podziemski,79,https://cdn.nba.com/headshots/nba/latest/1040x760/1641764.png,https://www.nba.com/player/1641764,1641764,
,CJ McCollum,79,https://cdn.nba.com/headshots/nba/latest/1040x760/203468.png,https://www.nba.com/player/203468,203468,
,Cason Wallace,79,https://cdn.nba.com/headshots/nba/latest/1040x760/1641717.png,https://www.nba.com/player/1641717,1641717,
,Dillon Brooks,79,https://cdn.nba.com/headshots/nba/latest/1040x760/1628415.png,https://www.nba.com/player/1628415,1628415,
,Herbert Jones,79,https://cdn.nba.com/headshots/nba/latest/1040x760/1630529.png,https://www.nba.com/player/1630529,1630529,
,Jaden Ivey,79,https://cdn.nba.com/headshots/nba/latest/1040x760/1631093.png,https://www.nba.com/player/1631093,1631093,
,Kel'el Ware,79,https://cdn.nba.com/headshots/nba/latest/1040x760/1642276.png,https://www.nba.com/player/1642276,1642276,
,Klay Thompson,79,https://cdn.nba.com/headshots/nba/latest/1040x760/202691.png,https://www.nba.com/player/202691,202691,
,Matas Buzelis,79,https://cdn.nba.com/headshots/nba/latest/1040x760/1641824.png,https://www.nba.com/player/1641824,1641824,
,Nicolas Claxton,79,https://cdn.nba.com/headshots/nba/latest/1040x760/1629651.png,https://www.nba2klab.com/players/nicolas-claxton,,2K26_only
,P.J. Washington,79,https://cdn.nba.com/headshots/nba/latest/1040x760/1629023.png,https://www.nba.com/player/1629023,1629023,
,Rui Hachimura,79,https://cdn.nba.com/headshots/nba/latest/1040x760/1629060.png,https://www.nba.com/player/1629060,1629060,
,Ryan Rollins,79,https://cdn.nba.com/headshots/nba/latest/1040x760/1631157.png,https://www.nba.com/player/1631157,1631157,
,Scoot Henderson,79,https://cdn.nba.com/headshots/nba/latest/1040x760/1630703.png,https://www.nba.com/player/1630703,1630703,
,Tim Hardaway Jr.,79,https://cdn.nba.com/headshots/nba/latest/1040x760/203501.png,https://www.nba.com/player/203501,203501,
,Ty Jerome,79,https://cdn.nba.com/headshots/nba/latest/1040x760/1629660.png,https://www.nba.com/player/1629660,1629660,
,Yves Missi,79,https://cdn.nba.com/headshots/nba/latest/1040x760/1642274.png,https://www.nba.com/player/1642274,1642274,
,Zach Edey,79,https://cdn.nba.com/headshots/nba/latest/1040x760/1641744.png,https://www.nba.com/player/1641744,1641744,
,Anfernee Simons,78,https://cdn.nba.com/headshots/nba/latest/1040x760/1629014.png,https://www.nba.com/player/1629014,1629014,
,Ausar Thompson,78,https://cdn.nba.com/headshots/nba/latest/1040x760/1641709.png,https://www.nba.com/player/1641709,1641709,
,Bogdan Bogdanović,78,https://cdn.nba.com/headshots/nba/latest/1040x760/203992.png,https://www.nba.com/player/203992,203992,
,Brandon Clarke,78,https://cdn.nba.com/headshots/nba/latest/1040x760/1629634.png,https://www.nba.com/player/1629634,1629634,
,Caris LeVert,78,https://cdn.nba.com/headshots/nba/latest/1040x760/1627747.png,https://www.nba.com/player/1627747,1627747,
,Chris Paul,78,https://cdn.nba.com/headshots/nba/latest/1040x760/101108.png,https://www.nba.com/player/101108,101108,
,Cole Anthony,78,https://cdn.nba.com/headshots/nba/latest/1040x760/1630175.png,https://www.nba.com/player/1630175,1630175,
,D'Angelo Russell,78,https://cdn.nba.com/headshots/nba/latest/1040x760/1626156.png,https://www.nba.com/player/1626156,1626156,
,Dennis Schröder,78,https://cdn.nba.com/headshots/nba/latest/1040x760/203471.png,https://www.nba.com/player/203471,203471,
,Donte DiVincenzo,78,https://cdn.nba.com/headshots/nba/latest/1040x760/1628978.png,https://www.nba.com/player/1628978,1628978,
,Dylan Harper,78,https://cdn.nba.com/headshots/nba/latest/1040x760/1642844.png,https://www.nba.com/player/1642844,1642844,
,Gradey Dick,78,https://cdn.nba.com/headshots/nba/latest/1040x760/1641711.png,https://www.nba.com/player/1641711,1641711,
,Grayson Allen,78,https://cdn.nba.com/headshots/nba/latest/1040x760/1628960.png,https://www.nba.com/player/1628960,1628960,
,Harrison Barnes,78,https://cdn.nba.com/headshots/nba/latest/1040x760/203084.png,https://www.nba.com/player/203084,203084,
,Isaiah Collier,78,https://cdn.nba.com/headshots/nba/latest/1040x760/1642268.png,https://www.nba.com/player/1642268,1642268,
,Isaiah Joe,78,https://cdn.nba.com/headshots/nba/latest/1040x760/1630198.png,https://www.nba.com/player/1630198,1630198,
,Jabari Smith Jr.,78,https://cdn.nba.com/headshots/nba/latest/1040x760/1631095.png,https://www.nba.com/player/1631095,1631095,
,Jake LaRavia,78,https://cdn.nba.com/headshots/nba/latest/1040x760/1631222.png,https://www.nba.com/player/1631222,1631222,
,Jarred Vanderbilt,78,https://cdn.nba.com/headshots/nba/latest/1040x760/1629020.png,https://www.nba.com/player/1629020,1629020,
,Jeremiah Fears,78,https://cdn.nba.com/headshots/nba/latest/1040x760/1642847.png,https://www.nba.com/player/1642847,1642847,
,Jonathan Kuminga,78,https://cdn.nba.com/headshots/nba/latest/1040x760/1630228.png,https://www.nba.com/player/1630228,1630228,
,Jordan Clarkson,78,https://cdn.nba.com/headshots/nba/latest/1040x760/203903.png,https://www.nba.com/player/203903,203903,
,Keldon Johnson,78,https://cdn.nba.com/headshots/nba/latest/1040x760/1629640.png,https://www.nba.com/player/1629640,1629640,
,Kelly Olynyk,78,https://cdn.nba.com/headshots/nba/latest/1040x760/203482.png,https://www.nba.com/player/203482,203482,
,Keyonte George,78,https://cdn.nba.com/headshots/nba/latest/1040x760/1641718.png,https://www.nba.com/player/1641718,1641718,
,Khris Middleton,78,https://cdn.nba.com/headshots/nba/latest/1040x760/203114.png,https://www.nba.com/player/203114,203114,
,Kyle Filipowski,78,https://cdn.nba.com/headshots/nba/latest/1040x760/1642271.png,https://www.nba.com/player/1642271,1642271,
,Larry Nance Jr.,78,https://cdn.nba.com/headshots/nba/latest/1040x760/1626204.png,https://www.nba.com/player/1626204,1626204,
,Lonzo Ball,78,https://cdn.nba.com/headshots/nba/latest/1040x760/1628366.png,https://www.nba.com/player/1628366,1628366,
,Malik Beasley,78,https://www.2kratings.com/malik-beasley,https://www.2kratings.com/players/malik-beasley,,2K26_only
,Mike Conley,78,https://cdn.nba.com/headshots/nba/latest/1040x760/201144.png,https://www.nba.com/player/201144,201144,
,Mitchell Robinson,78,https://cdn.nba.com/headshots/nba/latest/1040x760/1629011.png,https://www.nba.com/player/1629011,1629011,
,Robert Williams III,78,https://cdn.nba.com/headshots/nba/latest/1040x760/1629057.png,https://www.nba.com/player/1629057,1629057,
,Russell Westbrook,78,https://cdn.nba.com/headshots/nba/latest/1040x760/201566.png,https://www.nba.com/player/201566,201566,
,Santi Aldama,78,https://cdn.nba.com/headshots/nba/latest/1040x760/1630583.png,https://www.nba.com/player/1630583,1630583,
,Tyus Jones,78,https://cdn.nba.com/headshots/nba/latest/1040x760/1626145.png,https://www.nba.com/player/1626145,1626145,
,Wendell Carter Jr.,78,https://cdn.nba.com/headshots/nba/latest/1040x760/1628976.png,https://www.nba.com/player/1628976,1628976,
,Zaccharie Risacher,78,https://cdn.nba.com/headshots/nba/latest/1040x760/1642258.png,https://www.nba.com/player/1642258,1642258,
,Aaron Wiggins,77,https://cdn.nba.com/headshots/nba/latest/1040x760/1630598.png,https://www.nba.com/player/1630598,1630598,
,Ace Bailey,77,https://cdn.nba.com/headshots/nba/latest/1040x760/1642846.png,https://www.nba.com/player/1642846,1642846,
,Ben Simmons,77,https://www.2kratings.com/ben-simmons,https://www.2kratings.com/players/ben-simmons,,2K26_only
,Buddy Hield,77,https://cdn.nba.com/headshots/nba/latest/1040x760/1627741.png,https://www.nba.com/player/1627741,1627741,
,Clint Capela,77,https://cdn.nba.com/headshots/nba/latest/1040x760/203991.png,https://www.nba.com/player/203991,203991,
,Davion Mitchell,77,https://cdn.nba.com/headshots/nba/latest/1040x760/1630558.png,https://www.nba.com/player/1630558,1630558,
,De'Anthony Melton,77,https://cdn.nba.com/headshots/nba/latest/1040x760/1629001.png,https://www.nba.com/player/1629001,1629001,
,Duncan Robinson,77,https://cdn.nba.com/headshots/nba/latest/1040x760/1629130.png,https://www.nba.com/player/1629130,1629130,
,Gary Trent Jr.,77,https://cdn.nba.com/headshots/nba/latest/1040x760/1629018.png,https://www.nba.com/player/1629018,1629018,
,Isaiah Stewart,77,https://cdn.nba.com/headshots/nba/latest/1040x760/1630191.png,https://www.nba.com/player/1630191,1630191,
,Jeremy Sochan,77,https://cdn.nba.com/headshots/nba/latest/1040x760/1631110.png,https://www.nba.com/player/1631110,1631110,
,Jonas Valančiūnas,77,https://cdn.nba.com/headshots/nba/latest/1040x760/202685.png,https://www.nba.com/player/202685,202685,
,Jose Alvarado,77,https://cdn.nba.com/headshots/nba/latest/1040x760/1630631.png,https://www.nba.com/player/1630631,1630631,
,Jusuf Nurkić,77,https://cdn.nba.com/headshots/nba/latest/1040x760/203994.png,https://www.nba.com/player/203994,203994,
,Kyle Kuzma,77,https://cdn.nba.com/headshots/nba/latest/1040x760/1628398.png,https://www.nba.com/player/1628398,1628398,
,Malcolm Brogdon,77,https://www.2kratings.com/malcolm-brogdon,,,2K26_only
,Malcolm Brogdon,77,,https://www.2kratings.com/players/malcolm-brogdon,,2K26_only
,Max Strus,77,https://cdn.nba.com/headshots/nba/latest/1040x760/1629622.png,https://www.nba.com/player/1629622,1629622,
,Moses Moody,77,https://cdn.nba.com/headshots/nba/latest/1040x760/1630541.png,https://www.nba.com/player/1630541,1630541,
,Nick Richards,77,https://cdn.nba.com/headshots/nba/latest/1040x760/1630208.png,https://www.nba.com/player/1630208,1630208,
,Pat Connaughton,77,https://cdn.nba.com/headshots/nba/latest/1040x760/1626192.png,https://www.nba.com/player/1626192,1626192,
,Ronald Holland II,77,https://cdn.nba.com/headshots/nba/latest/1040x760/1641842.png,https://www.nba.com/player/1641842,1641842,
,Saddiq Bey,77,https://cdn.nba.com/headshots/nba/latest/1040x760/1630180.png,https://www.nba.com/player/1630180,1630180,
,Zach Collins,77,https://cdn.nba.com/headshots/nba/latest/1040x760/1628380.png,https://www.nba.com/player/1628380,1628380,
,AJ Green,76,https://cdn.nba.com/headshots/nba/latest/1040x760/1631260.png,https://www.nba.com/player/1631260,1631260,
,Andre Drummond,76,https://cdn.nba.com/headshots/nba/latest/1040x760/203083.png,https://www.nba.com/player/203083,203083,
,Anthony Black,76,https://cdn.nba.com/headshots/nba/latest/1040x760/1641710.png,https://www.nba.com/player/1641710,1641710,
,Ayo Dosunmu,76,https://cdn.nba.com/headshots/nba/latest/1040x760/1630245.png,https://www.nba.com/player/1630245,1630245,
,Bruce Brown,76,https://cdn.nba.com/headshots/nba/latest/1040x760/1628971.png,https://www.nba.com/player/1628971,1628971,
,Bub Carrington,76,https://cdn.nba.com/headshots/nba/latest/1040x760/1642267.png,https://www.nba.com/player/1642267,1642267,
,Corey Kispert,76,https://cdn.nba.com/headshots/nba/latest/1040x760/1630557.png,https://www.nba.com/player/1630557,1630557,
,Derrick Jones Jr.,76,https://cdn.nba.com/headshots/nba/latest/1040x760/1627884.png,https://www.nba.com/player/1627884,1627884,
,Dorian Finney-Smith,76,https://cdn.nba.com/headshots/nba/latest/1040x760/1627827.png,https://www.nba.com/player/1627827,1627827,
,Dyson Daniels,76,https://cdn.nba.com/headshots/nba/latest/1040x760/1630700.png,https://www.nba.com/player/1630700,1630700,
,Goga Bitadze,76,https://cdn.nba.com/headshots/nba/latest/1040x760/1629048.png,https://www.nba.com/player/1629048,1629048,
,Jaime Jaquez Jr.,76,https://cdn.nba.com/headshots/nba/latest/1040x760/1631170.png,https://www.nba.com/player/1631170,1631170,
,Jarace Walker,76,https://cdn.nba.com/headshots/nba/latest/1040x760/1641716.png,https://www.nba.com/player/1641716,1641716,
,Jaylen Wells,76,https://cdn.nba.com/headshots/nba/latest/1040x760/1642377.png,https://www.nba.com/player/1642377,1642377,
,Josh Minott,76,https://cdn.nba.com/headshots/nba/latest/1040x760/1631169.png,https://www.nba.com/player/1631169,1631169,
,Kenrich Williams,76,https://cdn.nba.com/headshots/nba/latest/1040x760/1629026.png,https://www.nba.com/player/1629026,1629026,
,Keon Ellis,76,https://cdn.nba.com/headshots/nba/latest/1040x760/1631165.png,https://www.nba.com/player/1631165,1631165,
,Kevin Huerter,76,https://cdn.nba.com/headshots/nba/latest/1040x760/1628989.png,https://www.nba.com/player/1628989,1628989,
,Kevin Porter Jr.,76,https://cdn.nba.com/headshots/nba/latest/1040x760/1629645.png,https://www.nba.com/player/1629645,1629645,
,Kris Dunn,76,https://cdn.nba.com/headshots/nba/latest/1040x760/1627739.png,https://www.nba.com/player/1627739,1627739,
,Marvin Bagley III,76,https://cdn.nba.com/headshots/nba/latest/1040x760/1628963.png,https://www.nba.com/player/1628963,1628963,
,Miles McBride,76,https://cdn.nba.com/headshots/nba/latest/1040x760/1630540.png,https://www.nba.com/player/1630540,1630540,
,Moritz Wagner,76,https://cdn.nba.com/headshots/nba/latest/1040x760/1629021.png,https://www.nba.com/player/1629021,1629021,
,Neemias Queta,76,https://cdn.nba.com/headshots/nba/latest/1040x760/1629674.png,https://www.nba.com/player/1629674,1629674,
,Precious Achiuwa,76,https://cdn.nba.com/headshots/nba/latest/1040x760/1630173.png,https://www.nba.com/player/1630173,1630173,
,Sam Hauser,76,https://cdn.nba.com/headshots/nba/latest/1040x760/1630573.png,https://www.nba.com/player/1630573,1630573,
,Scotty Pippen Jr.,76,https://cdn.nba.com/headshots/nba/latest/1040x760/1630590.png,https://www.nba.com/player/1630590,1630590,
,Spencer Dinwiddie,76,https://www.nba2klab.com/assets/images/players/spencer-dinwiddie.png,https://www.nba2klab.com/players/spencer-dinwiddie,,2K26_only
,Steven Adams,76,https://cdn.nba.com/headshots/nba/latest/1040x760/203500.png,https://www.nba.com/player/203500,203500,
,Tari Eason,76,https://cdn.nba.com/headshots/nba/latest/1040x760/1631106.png,https://www.nba.com/player/1631106,1631106,
,Tre Johnson,76,https://cdn.nba.com/headshots/nba/latest/1040x760/1642848.png,https://www.nba.com/player/1642848,1642848,
,Tre Jones,76,https://cdn.nba.com/headshots/nba/latest/1040x760/1630200.png,https://www.nba.com/player/1630200,1630200,
,Tristan da Silva,76,https://cdn.nba.com/headshots/nba/latest/1040x760/1641783.png,https://www.nba.com/player/1641783,1641783,
,Alex Sarr,75,https://cdn.nba.com/headshots/nba/latest/1040x760/1642259.png,https://www.nba.com/player/1642259,1642259,
,Brice Sensabaugh,75,https://cdn.nba.com/headshots/nba/latest/1040x760/1641729.png,https://www.nba.com/player/1641729,1641729,
,Cam Whitmore,75,https://cdn.nba.com/headshots/nba/latest/1040x760/1641715.png,https://www.nba.com/player/1641715,1641715,
,Cameron Payne,75,https://www.2kratings.com/cameron-payne,https://www.2kratings.com/players/cameron-payne,,2K26_only
,Danté Exum,75,https://cdn.nba.com/headshots/nba/latest/1040x760/203957.png,https://www.nba.com/player/203957,203957,
,Gary Payton II,75,https://cdn.nba.com/headshots/nba/latest/1040x760/1627780.png,https://www.nba.com/player/1627780,1627780,
,Jalen Smith,75,https://cdn.nba.com/headshots/nba/latest/1040x760/1630188.png,https://www.nba.com/player/1630188,1630188,
,Jase Richardson,75,https://cdn.nba.com/headshots/nba/latest/1040x760/1642859.png,https://www.nba.com/player/1642859,1642859,
,Jaylin Williams,75,https://cdn.nba.com/headshots/nba/latest/1040x760/1631119.png,https://www.nba.com/player/1631119,1631119,
,Justin Edwards,75,https://cdn.nba.com/headshots/nba/latest/1040x760/1642348.png,https://www.nba.com/player/1642348,1642348,
,Karlo Matković,75,https://cdn.nba.com/headshots/nba/latest/1040x760/1631255.png,https://www.nba.com/player/1631255,1631255,
,Kentavious Caldwell-Pope,75,https://cdn.nba.com/headshots/nba/latest/1040x760/203484.png,https://www.nba.com/player/203484,203484,
,Kon Knueppel,75,https://cdn.nba.com/headshots/nba/latest/1040x760/1642851.png,https://www.nba.com/player/1642851,1642851,
,Kyle Lowry,75,https://cdn.nba.com/headshots/nba/latest/1040x760/200768.png,https://www.nba.com/player/200768,200768,
,Luke Kennard,75,https://cdn.nba.com/headshots/nba/latest/1040x760/1628379.png,https://www.nba.com/player/1628379,1628379,
,Mason Plumlee,75,https://cdn.nba.com/headshots/nba/latest/1040x760/203486.png,https://www.nba.com/player/203486,203486,
,Matisse Thybulle,75,https://cdn.nba.com/headshots/nba/latest/1040x760/1629680.png,https://www.nba.com/player/1629680,1629680,
,Max Christie,75,https://cdn.nba.com/headshots/nba/latest/1040x760/1631108.png,https://www.nba.com/player/1631108,1631108,
,Naji Marshall,75,https://cdn.nba.com/headshots/nba/latest/1040x760/1630230.png,https://www.nba.com/player/1630230,1630230,
,Nicolas Batum,75,https://cdn.nba.com/headshots/nba/latest/1040x760/201587.png,https://www.nba.com/player/201587,201587,
,Nikola Jović,75,https://cdn.nba.com/headshots/nba/latest/1040x760/1631107.png,https://www.nba.com/player/1631107,1631107,
,Patrick Williams,75,https://cdn.nba.com/headshots/nba/latest/1040x760/1630172.png,https://www.nba.com/player/1630172,1630172,
,Paul Reed,75,https://cdn.nba.com/headshots/nba/latest/1040x760/1630194.png,https://www.nba.com/player/1630194,1630194,
,Peyton Watson,75,https://cdn.nba.com/headshots/nba/latest/1040x760/1631212.png,https://www.nba.com/player/1631212,1631212,
,Quenton Jackson,75,https://cdn.nba.com/headshots/nba/latest/1040x760/1631245.png,https://www.nba.com/player/1631245,1631245,
,Reed Sheppard,75,https://cdn.nba.com/headshots/nba/latest/1040x760/1642263.png,https://www.nba.com/player/1642263,1642263,
,Royce O'Neale,75,https://cdn.nba.com/headshots/nba/latest/1040x760/1626220.png,https://www.nba.com/player/1626220,1626220,
,Sandro Mamukelashvili,75,https://cdn.nba.com/headshots/nba/latest/1040x760/1630572.png,https://www.nba.com/player/1630572,1630572,
,Taurean Prince,75,https://cdn.nba.com/headshots/nba/latest/1040x760/1627752.png,https://www.nba.com/player/1627752,1627752,
,Terance Mann,75,https://cdn.nba.com/headshots/nba/latest/1040x760/1629611.png,https://www.nba.com/player/1629611,1629611,
,Terence Mann,75,https://www.nba2klab.com/assets/images/players/terence-mann.png,https://www.nba2klab.com/players/terence-mann,,2K26_only
,Tre Mann,75,https://cdn.nba.com/headshots/nba/latest/1040x760/1630544.png,https://www.nba.com/player/1630544,1630544,
,Vasilije Micic,75,,https://www.hoopshype.com/nba-2k/players/vasilije-micic/830652/,,2K26_only
,Ziaire Williams,75,https://cdn.nba.com/headshots/nba/latest/1040x760/1630533.png,https://www.nba.com/player/1630533,1630533,
,AJ Johnson,74,https://cdn.nba.com/headshots/nba/latest/1040x760/1642358.png,https://www.nba.com/player/1642358,1642358,
,Adem Bona,74,https://cdn.nba.com/headshots/nba/latest/1040x760/1641737.png,https://www.nba.com/player/1641737,1641737,
,Alec Burks,74,https://www.2kratings.com/alec-burks,https://www.2kratings.com/players/alec-burks,,2K26_only
,Ben Sheppard,74,https://cdn.nba.com/headshots/nba/latest/1040x760/1641767.png,https://www.nba.com/player/1641767,1641767,
,Bojan Bogdanovic,74,https://cdn.nba.com/headshots/nba/latest/1040x760/203992.png,https://www.2kratings.com/players/bojan-bogdanovic,,2K26_only
,Brandon Boston Jr.,74,https://www.2kratings.com/brandon-boston-jr,https://www.2kratings.com/players/brandon-boston-jr,,2K26_only
,Caleb Martin,74,https://cdn.nba.com/headshots/nba/latest/1040x760/1628997.png,https://www.nba.com/player/1628997,1628997,
,Cody Martin,74,https://cdn.nba.com/headshots/nba/latest/1040x760/1628998.png,https://www.nba.com/player/1628998,1628998,
,DaQuan Jeffries,74,https://www.2kratings.com/daquan-jeffries,https://www.2kratings.com/players/daquan-jeffries,,2K26_only
,Dario Šarić,74,https://cdn.nba.com/headshots/nba/latest/1040x760/203967.png,https://www.nba.com/player/203967,203967,
,Day'Ron Sharpe,74,https://cdn.nba.com/headshots/nba/latest/1040x760/1630549.png,https://www.nba.com/player/1630549,1630549,
,DeAndre Jordan,74,https://cdn.nba.com/headshots/nba/latest/1040x760/201599.png,https://www.nba.com/player/201599,201599,
,Dean Wade,74,https://cdn.nba.com/headshots/nba/latest/1040x760/1629731.png,https://www.nba.com/player/1629731,1629731,
,Derik Queen,74,https://cdn.nba.com/headshots/nba/latest/1040x760/1642852.png,https://www.nba.com/player/1642852,1642852,
,Devin Carter,74,https://cdn.nba.com/headshots/nba/latest/1040x760/1642269.png,https://www.nba.com/player/1642269,1642269,
,Drew Eubanks,74,https://cdn.nba.com/headshots/nba/latest/1040x760/1629234.png,https://www.nba.com/player/1629234,1629234,
,Eric Gordon,74,https://cdn.nba.com/headshots/nba/latest/1040x760/201569.png,https://www.nba.com/player/201569,201569,
,GG Jackson,74,https://cdn.nba.com/headshots/nba/latest/1040x760/1641713.png,https://www.nba.com/player/1641713,1641713,
,Gabe Vincent,74,https://cdn.nba.com/headshots/nba/latest/1040x760/1629216.png,https://www.nba.com/player/1629216,1629216,
,Georges Niang,74,https://cdn.nba.com/headshots/nba/latest/1040x760/1627777.png,https://www.nba.com/player/1627777,1627777,
,Guerschon Yabusele,74,https://cdn.nba.com/headshots/nba/latest/1040x760/1627824.png,https://www.nba.com/player/1627824,1627824,
,Isaac Okoro,74,https://cdn.nba.com/headshots/nba/latest/1040x760/1630171.png,https://www.nba.com/player/1630171,1630171,
,Isaiah Jackson,74,https://cdn.nba.com/headshots/nba/latest/1040x760/1630543.png,https://www.nba.com/player/1630543,1630543,
,Ja'Kobe Walter,74,https://cdn.nba.com/headshots/nba/latest/1040x760/1642266.png,https://www.nba.com/player/1642266,1642266,
,Jalen Wilson,74,https://cdn.nba.com/headshots/nba/latest/1040x760/1630592.png,https://www.nba.com/player/1630592,1630592,
,Javonte Green,74,https://cdn.nba.com/headshots/nba/latest/1040x760/1629750.png,https://www.nba.com/player/1629750,1629750,
,Jay Huff,74,https://cdn.nba.com/headshots/nba/latest/1040x760/1630643.png,https://www.nba.com/player/1630643,1630643,
,Jeremiah Robinson-Earl,74,https://cdn.nba.com/headshots/nba/latest/1040x760/1630526.png,https://www.nba.com/player/1630526,1630526,
,Jett Howard,74,https://cdn.nba.com/headshots/nba/latest/1040x760/1641724.png,https://www.nba.com/player/1641724,1641724,
,Jock Landale,74,https://cdn.nba.com/headshots/nba/latest/1040x760/1629111.png,https://www.nba.com/player/1629111,1629111,
,Jonathan Mogbo,74,https://cdn.nba.com/headshots/nba/latest/1040x760/1642367.png,https://www.nba.com/player/1642367,1642367,
,Jordan Goodwin,74,https://cdn.nba.com/headshots/nba/latest/1040x760/1630692.png,https://www.nba.com/player/1630692,1630692,
,Josh Okogie,74,https://cdn.nba.com/headshots/nba/latest/1040x760/1629006.png,https://www.nba.com/player/1629006,1629006,
,Julian Strawther,74,https://cdn.nba.com/headshots/nba/latest/1040x760/1631124.png,https://www.nba.com/player/1631124,1631124,
,Justin Champagnie,74,https://cdn.nba.com/headshots/nba/latest/1040x760/1630551.png,https://www.nba.com/player/1630551,1630551,
,Keon Johnson,74,https://www.nba2klab.com/assets/images/players/keon-johnson.png,https://www.nba2klab.com/players/keon-johnson,,2K26_only
,Kevon Looney,74,https://cdn.nba.com/headshots/nba/latest/1040x760/1626172.png,https://www.nba.com/player/1626172,1626172,
,Khaman Maluach,74,https://cdn.nba.com/headshots/nba/latest/1040x760/1642863.png,https://www.nba.com/player/1642863,1642863,
,Kira Lewis Jr.,74,https://nba.2k.com/assets/players/kira-lewis-jr.png,https://nba.2k.com/players/kira-lewis-jr,,2K26_only
,Kyle Anderson,74,https://cdn.nba.com/headshots/nba/latest/1040x760/203937.png,https://www.nba.com/player/203937,203937,
,Marcus Sasser,74,https://cdn.nba.com/headshots/nba/latest/1040x760/1631204.png,https://www.nba.com/player/1631204,1631204,
,Maxi Kleber,74,https://cdn.nba.com/headshots/nba/latest/1040x760/1628467.png,https://www.nba.com/player/1628467,1628467,
,Mouhamed Gueye,74,https://cdn.nba.com/headshots/nba/latest/1040x760/1631243.png,https://www.nba.com/player/1631243,1631243,
,Nick Smith Jr.,74,https://cdn.nba.com/headshots/nba/latest/1040x760/1641733.png,https://www.nba.com/player/1641733,1641733,
,Pelle Larsson,74,https://cdn.nba.com/headshots/nba/latest/1040x760/1641796.png,https://www.nba.com/player/1641796,1641796,
,Quinten Post,74,https://cdn.nba.com/headshots/nba/latest/1040x760/1642366.png,https://www.nba.com/player/1642366,1642366,
,Rob Dillingham,74,https://cdn.nba.com/headshots/nba/latest/1040x760/1642265.png,https://www.nba.com/player/1642265,1642265,
,Sam Merrill,74,https://cdn.nba.com/headshots/nba/latest/1040x760/1630241.png,https://www.nba.com/player/1630241,1630241,
,Seth Curry,74,https://www.2kratings.com/seth-curry,https://www.2kratings.com/players/seth-curry,,2K26_only
,Shake Milton,74,https://www.2kratings.com/shake-milton,,,2K26_only
,Shake Milton,74,,https://www.2kratings.com/players/shake-milton,,2K26_only
,Terry Rozier,74,https://cdn.nba.com/headshots/nba/latest/1040x760/1626179.png,https://www.nba.com/player/1626179,1626179,
,Thomas Bryant,74,https://cdn.nba.com/headshots/nba/latest/1040x760/1628418.png,https://www.nba.com/player/1628418,1628418,
,Torrey Craig,74,https://www.2kratings.com/torrey-craig,https://www.2kratings.com/players/torrey-craig,,2K26_only
,Trayce Jackson-Davis,74,https://cdn.nba.com/headshots/nba/latest/1040x760/1631218.png,https://www.nba.com/player/1631218,1631218,
,Trendon Watford,74,https://cdn.nba.com/headshots/nba/latest/1040x760/1630570.png,https://www.nba.com/player/1630570,1630570,
,Trey Lyles,74,https://www.2kratings.com/trey-lyles,https://www.2kratings.com/players/trey-lyles,,2K26_only
,A.J. Lawson,73,https://cdn.nba.com/headshots/nba/latest/1040x760/1630639.png,https://www.nba.com/player/1630639,1630639,
,Ajay Mitchell,73,https://cdn.nba.com/headshots/nba/latest/1040x760/1642349.png,https://www.nba.com/player/1642349,1642349,
,Amir Coffey,73,https://cdn.nba.com/headshots/nba/latest/1040x760/1629599.png,https://www.nba.com/player/1629599,1629599,
,Asa Newell,73,https://cdn.nba.com/headshots/nba/latest/1040x760/1642854.png,https://www.nba.com/player/1642854,1642854,
,Blake Wesley,73,https://cdn.nba.com/headshots/nba/latest/1040x760/1631104.png,https://www.nba.com/player/1631104,1631104,
,Bol Bol,73,https://www.2kratings.com/bol-bol,https://www.hoopshype.com/nba-2k/players/bol-bol/1134730/,,2K26_only
,Bol Bol,73,,https://www.2kratings.com/players/bol-bol,,2K26_only
,Bones Hyland,73,https://cdn.nba.com/headshots/nba/latest/1040x760/1630538.png,https://www.nba.com/player/1630538,1630538,
,Brandon Williams,73,https://cdn.nba.com/headshots/nba/latest/1040x760/1630314.png,https://www.nba.com/player/1630314,1630314,
,Caleb Houstan,73,https://cdn.nba.com/headshots/nba/latest/1040x760/1631216.png,https://www.nba.com/player/1631216,1631216,
,Charles Bassey,73,https://cdn.nba.com/headshots/nba/latest/1040x760/1629646.png,https://www.nba.com/player/1629646,1629646,
,Chris Boucher,73,https://cdn.nba.com/headshots/nba/latest/1040x760/1628449.png,https://www.nba.com/player/1628449,1628449,
,Chris Livingston,73,https://cdn.nba.com/headshots/nba/latest/1040x760/1641753.png,https://www.nba.com/player/1641753,1641753,
,Dalano Banton,73,https://www.2kratings.com/dalano-banton,https://www.2kratings.com/players/dalano-banton,,2K26_only
,Damion Lee,73,https://www.2kratings.com/damion-lee,https://www.hoopshype.com/nba-2k/players/damion-lee/609081/,,2K26_only
,Damion Lee,73,,https://www.2kratings.com/players/damion-lee,,2K26_only
,Delon Wright,73,https://www.2kratings.com/delon-wright,https://www.2kratings.com/players/delon-wright,,2K26_only
,E.J. Liddell,73,https://cdn.nba.com/headshots/nba/latest/1040x760/1630604.png,https://www.nba.com/player/1630604,1630604,
,Garrison Mathews,73,https://www.2kratings.com/garrison-mathews,https://www.2kratings.com/players/garrison-mathews,,2K26_only
,Gary Harris,73,https://cdn.nba.com/headshots/nba/latest/1040x760/203914.png,https://www.nba.com/player/203914,203914,
,Grant Williams,73,https://cdn.nba.com/headshots/nba/latest/1040x760/1629684.png,https://www.nba.com/player/1629684,1629684,
,Gui Santos,73,https://cdn.nba.com/headshots/nba/latest/1040x760/1630611.png,https://www.nba.com/player/1630611,1630611,
,Haywood Highsmith,73,https://cdn.nba.com/headshots/nba/latest/1040x760/1629312.png,https://www.nba.com/player/1629312,1629312,
,Jaden Hardy,73,https://cdn.nba.com/headshots/nba/latest/1040x760/1630702.png,https://www.nba.com/player/1630702,1630702,
,Jae Crowder,73,https://www.2kratings.com/jae-crowder,https://www.2kratings.com/players/jae-crowder,,2K26_only
,Jamal Shead,73,https://cdn.nba.com/headshots/nba/latest/1040x760/1642347.png,https://www.nba.com/player/1642347,1642347,
,Jaxson Hayes,73,https://cdn.nba.com/headshots/nba/latest/1040x760/1629637.png,https://www.nba.com/player/1629637,1629637,
,Jaylen Clark,73,https://cdn.nba.com/headshots/nba/latest/1040x760/1641740.png,https://www.nba.com/player/1641740,1641740,
,Jeff Green,73,https://cdn.nba.com/headshots/nba/latest/1040x760/201145.png,https://www.nba.com/player/201145,201145,
,Jevon Carter,73,https://cdn.nba.com/headshots/nba/latest/1040x760/1628975.png,https://www.nba.com/player/1628975,1628975,
,Joe Ingles,73,https://cdn.nba.com/headshots/nba/latest/1040x760/204060.png,https://www.nba.com/player/204060,204060,
,John Konchar,73,https://cdn.nba.com/headshots/nba/latest/1040x760/1629723.png,https://www.nba.com/player/1629723,1629723,
,Jonathan Isaac,73,https://cdn.nba.com/headshots/nba/latest/1040x760/1628371.png,https://www.nba.com/player/1628371,1628371,
,Josh Green,73,https://cdn.nba.com/headshots/nba/latest/1040x760/1630182.png,https://www.nba.com/player/1630182,1630182,
,Julian Champagnie,73,https://cdn.nba.com/headshots/nba/latest/1040x760/1630577.png,https://www.nba.com/player/1630577,1630577,
,Kenyon Martin Jr.,73,https://www.2kratings.com/kenyon-martin-jr,https://www.2kratings.com/players/kenyon-martin-jr,,2K26_only
,Kevin Love,73,https://cdn.nba.com/headshots/nba/latest/1040x760/201567.png,https://www.nba.com/player/201567,201567,
,Kris Murray,73,https://cdn.nba.com/headshots/nba/latest/1040x760/1631200.png,https://www.nba.com/player/1631200,1631200,
,Lindy Waters III,73,https://cdn.nba.com/headshots/nba/latest/1040x760/1630322.png,https://www.nba.com/player/1630322,1630322,
,Luka Garza,73,https://cdn.nba.com/headshots/nba/latest/1040x760/1630568.png,https://www.nba.com/player/1630568,1630568,
,MarJon Beauchamp,73,,https://www.2kratings.com/players/marjon-beauchamp,,2K26_only
,Monté Morris,73,https://cdn.nba.com/headshots/nba/latest/1040x760/1628420.png,https://www.nba.com/player/1628420,1628420,
,Moussa Diabaté,73,https://cdn.nba.com/headshots/nba/latest/1040x760/1631217.png,https://www.nba.com/player/1631217,1631217,
,Noah Clowney,73,https://cdn.nba.com/headshots/nba/latest/1040x760/1641730.png,https://www.nba.com/player/1641730,1641730,
,Ochai Agbaji,73,https://cdn.nba.com/headshots/nba/latest/1040x760/1630534.png,https://www.nba.com/player/1630534,1630534,
,Reggie Jackson,73,https://www.2kratings.com/reggie-jackson,https://www.2kratings.com/players/reggie-jackson,,2K26_only
,Richaun Holmes,73,https://www.2kratings.com/richaun-holmes,,,2K26_only
,Richaun Holmes,73,,https://www.2kratings.com/players/richaun-holmes,,2K26_only
,Sidy Cissoko,73,https://cdn.nba.com/headshots/nba/latest/1040x760/1631321.png,https://www.nba.com/player/1631321,1631321,
,Taylor Hendricks,73,https://cdn.nba.com/headshots/nba/latest/1040x760/1641707.png,https://www.nba.com/player/1641707,1641707,
,Terrence Shannon Jr.,73,https://cdn.nba.com/headshots/nba/latest/1040x760/1630545.png,https://www.nba.com/player/1630545,1630545,
,Tony Bradley,73,https://cdn.nba.com/headshots/nba/latest/1040x760/1628396.png,https://www.nba.com/player/1628396,1628396,
,Tyrese Martin,73,https://cdn.nba.com/headshots/nba/latest/1040x760/1631213.png,https://www.nba.com/player/1631213,1631213,
,Vince Williams Jr.,73,https://cdn.nba.com/headshots/nba/latest/1040x760/1631246.png,https://www.nba.com/player/1631246,1631246,
,Vít Krejčí,73,https://cdn.nba.com/headshots/nba/latest/1040x760/1630249.png,https://www.nba.com/player/1630249,1630249,
,Aaron Holiday,72,https://cdn.nba.com/headshots/nba/latest/1040x760/1628988.png,https://www.nba.com/player/1628988,1628988,
,Cam Reddish,72,https://www.2kratings.com/cam-reddish,https://www.2kratings.com/players/cam-reddish,,2K26_only
,Carter Bryant,72,https://cdn.nba.com/headshots/nba/latest/1040x760/1642868.png,https://www.nba.com/player/1642868,1642868,
,Cedric Coward,72,https://cdn.nba.com/headshots/nba/latest/1040x760/1642907.png,https://www.nba.com/player/1642907,1642907,
,Christian Koloko,72,https://cdn.nba.com/headshots/nba/latest/1040x760/1631132.png,https://www.nba.com/player/1631132,1631132,
,Christian Wood,72,https://www.2kratings.com/christian-wood,https://www.2kratings.com/players/christian-wood,,2K26_only
,Cody Williams,72,https://cdn.nba.com/headshots/nba/latest/1040x760/1642262.png,https://www.nba.com/player/1642262,1642262,
,Collin Murray-Boyles,72,https://cdn.nba.com/headshots/nba/latest/1040x760/1642867.png,https://www.nba.com/player/1642867,1642867,
,Cory Joseph,72,https://www.2kratings.com/cory-joseph,https://www.2kratings.com/players/cory-joseph,,2K26_only
,Craig Porter Jr.,72,https://cdn.nba.com/headshots/nba/latest/1040x760/1641854.png,https://www.nba.com/player/1641854,1641854,
,Dalen Terry,72,https://cdn.nba.com/headshots/nba/latest/1040x760/1631207.png,https://www.nba.com/player/1631207,1631207,
,Daniel Theis,72,https://www.2kratings.com/daniel-theis,https://www.2kratings.com/players/daniel-theis,,2K26_only
,Dario Whitehead,72,https://www.nba2klab.com/assets/images/players/dario-whitehead.png,https://www.nba2klab.com/players/dario-whitehead,,2K26_only
,Dariq Whitehead,72,https://www.2kratings.com/dariq-whitehead,https://www.2kratings.com/players/dariq-whitehead,,2K26_only
,Duop Reath,72,https://cdn.nba.com/headshots/nba/latest/1040x760/1641871.png,https://www.nba.com/player/1641871,1641871,
,Dwight Powell,72,https://cdn.nba.com/headshots/nba/latest/1040x760/203939.png,https://www.nba.com/player/203939,203939,
,Egor Dëmin,72,https://cdn.nba.com/headshots/nba/latest/1040x760/1642856.png,https://www.nba.com/player/1642856,1642856,
,Elfrid Payton,72,https://www.2kratings.com/elfrid-payton,https://www.2kratings.com/players/elfrid-payton,,2K26_only
,Isaiah Livers,72,https://cdn.nba.com/headshots/nba/latest/1040x760/1630587.png,https://www.nba.com/player/1630587,1630587,
,Jabari Walker,72,https://cdn.nba.com/headshots/nba/latest/1040x760/1631133.png,https://www.nba.com/player/1631133,1631133,
,Jae'Sean Tate,72,https://cdn.nba.com/headshots/nba/latest/1040x760/1630256.png,https://www.nba.com/player/1630256,1630256,
,Jalen McDaniels,72,https://www.2kratings.com/jalen-mcdaniels,https://www.2kratings.com/players/jalen-mcdaniels,,2K26_only
,James Wiseman,72,https://cdn.nba.com/headshots/nba/latest/1040x760/1630164.png,https://www.nba.com/player/1630164,1630164,
,Jared Butler,72,https://www.2kratings.com/jared-butler,https://www.2kratings.com/players/jared-butler,,2K26_only
,Jaylon Tyson,72,https://cdn.nba.com/headshots/nba/latest/1040x760/1642281.png,https://www.nba.com/player/1642281,1642281,
,Johnny Juzang,72,https://cdn.nba.com/headshots/nba/latest/1040x760/1630548.png,https://www.nba.com/player/1630548,1630548,
,Jordan McLaughlin,72,https://cdn.nba.com/headshots/nba/latest/1040x760/1629162.png,https://www.nba.com/player/1629162,1629162,
,Julian Phillips,72,https://cdn.nba.com/headshots/nba/latest/1040x760/1641763.png,https://www.nba.com/player/1641763,1641763,
,KJ Simpson,72,https://cdn.nba.com/headshots/nba/latest/1040x760/1642354.png,https://www.nba.com/player/1642354,1642354,
,Kessler Edwards,72,https://www.2kratings.com/kessler-edwards,https://www.2kratings.com/players/kessler-edwards,,2K26_only
,Lonnie Walker IV,72,https://www.2kratings.com/lonnie-walker-iv,https://www.2kratings.com/players/lonnie-walker-iv,,2K26_only
,Nigel Hayes-Davis,72,https://cdn.nba.com/headshots/nba/latest/1040x760/1628502.png,https://www.nba.com/player/1628502,1628502,
,Nikola Topić,72,https://cdn.nba.com/headshots/nba/latest/1040x760/1642260.png,https://www.nba.com/player/1642260,1642260,
,Noa Essengue,72,https://cdn.nba.com/headshots/nba/latest/1040x760/1642855.png,https://www.nba.com/player/1642855,1642855,
,Noah Penda,72,https://cdn.nba.com/headshots/nba/latest/1040x760/1642869.png,https://www.nba.com/player/1642869,1642869,
,Olivier-Maxence Prosper,72,https://cdn.nba.com/headshots/nba/latest/1040x760/1641765.png,https://www.nba.com/player/1641765,1641765,
,Orlando Robinson,72,https://cdn.nba.com/headshots/nba/latest/1040x760/1631115.png,https://www.nba.com/player/1631115,1631115,
,Ousmane Dieng,72,https://cdn.nba.com/headshots/nba/latest/1040x760/1631172.png,https://www.nba.com/player/1631172,1631172,
,Rayan Rupert,72,https://cdn.nba.com/headshots/nba/latest/1040x760/1641712.png,https://www.nba.com/player/1641712,1641712,
,Ricky Council IV,72,https://www.nba2klab.com/assets/images/players/ricky-council-iv.png,https://www.nba2klab.com/players/ricky-council-iv,,2K26_only
,Simone Fontecchio,72,https://cdn.nba.com/headshots/nba/latest/1040x760/1631323.png,https://www.nba.com/player/1631323,1631323,
,Svi Mykhailiuk,72,https://cdn.nba.com/headshots/nba/latest/1040x760/1629004.png,https://www.nba.com/player/1629004,1629004,
,Tidjane Salaün,72,https://cdn.nba.com/headshots/nba/latest/1040x760/1642275.png,https://www.nba.com/player/1642275,1642275,
,Walter Clayton Jr.,72,https://cdn.nba.com/headshots/nba/latest/1040x760/1642383.png,https://www.nba.com/player/1642383,1642383,
,Xavier Tillman,72,https://cdn.nba.com/headshots/nba/latest/1040x760/1630214.png,https://www.nba.com/player/1630214,1630214,
,Zeke Nnaji,72,https://cdn.nba.com/headshots/nba/latest/1040x760/1630192.png,https://www.nba.com/player/1630192,1630192,
,Andre Jackson Jr.,71,https://cdn.nba.com/headshots/nba/latest/1040x760/1641748.png,https://www.nba.com/player/1641748,1641748,
,Anthony Gill,71,https://cdn.nba.com/headshots/nba/latest/1040x760/1630264.png,https://www.nba.com/player/1630264,1630264,
,Baylor Scheierman,71,https://cdn.nba.com/headshots/nba/latest/1040x760/1631248.png,https://www.nba.com/player/1631248,1631248,
,Bryce McGowens,71,https://cdn.nba.com/headshots/nba/latest/1040x760/1631121.png,https://www.nba.com/player/1631121,1631121,
,Chris Duarte,71,https://www.2kratings.com/chris-duarte,https://www.2kratings.com/players/chris-duarte,,2K26_only
,Colby Jones,71,https://cdn.nba.com/headshots/nba/latest/1040x760/1641732.png,https://www.nba.com/player/1641732,1641732,
,DaRon Holmes II,71,https://cdn.nba.com/headshots/nba/latest/1040x760/1641747.png,https://www.nba.com/player/1641747,1641747,
,Dalton Knecht,71,https://cdn.nba.com/headshots/nba/latest/1040x760/1642261.png,https://www.nba.com/player/1642261,1642261,
,Danny Wolf,71,https://cdn.nba.com/headshots/nba/latest/1040x760/1642874.png,https://www.nba.com/player/1642874,1642874,
,David Roddy,71,https://www.2kratings.com/david-roddy,https://www.2kratings.com/players/david-roddy,,2K26_only
,Dereon Seabron,71,https://nba.2k.com/assets/players/dereon-seabron.png,https://nba.2k.com/players/dereon-seabron,,2K26_only
,Dominick Barlow,71,https://cdn.nba.com/headshots/nba/latest/1040x760/1631230.png,https://www.nba.com/player/1631230,1631230,
,Doug McDermott,71,https://cdn.nba.com/headshots/nba/latest/1040x760/203926.png,https://www.nba.com/player/203926,203926,
,Isaac Jones,71,https://cdn.nba.com/headshots/nba/latest/1040x760/1642403.png,https://www.nba.com/player/1642403,1642403,
,Jaden Springer,71,https://www.2kratings.com/jaden-springer,https://www.2kratings.com/players/jaden-springer,,2K26_only
,Jalen Pickett,71,https://cdn.nba.com/headshots/nba/latest/1040x760/1629618.png,https://www.nba.com/player/1629618,1629618,
,Jamison Battle,71,https://cdn.nba.com/headshots/nba/latest/1040x760/1642419.png,https://www.nba.com/player/1642419,1642419,
,Jared Rhoden,71,https://www.2kratings.com/jared-rhoden,https://www.2kratings.com/players/jared-rhoden,,2K26_only
,Jeff Dowtin,71,https://www.2kratings.com/jeff-dowtin,https://www.2kratings.com/players/jeff-dowtin,,2K26_only
,Jericho Sims,71,https://cdn.nba.com/headshots/nba/latest/1040x760/1630579.png,https://www.nba.com/player/1630579,1630579,
,Jordan Hawkins,71,https://cdn.nba.com/headshots/nba/latest/1040x760/1641722.png,https://www.nba.com/player/1641722,1641722,
,Jordan Miller,71,https://cdn.nba.com/headshots/nba/latest/1040x760/1641757.png,https://www.nba.com/player/1641757,1641757,
,Josh Richardson,71,https://nba.2k.com/assets/players/josh-richardson.png,https://nba.2k.com/players/josh-richardson,,2K26_only
,Josh Richardson,71,,https://www.2kratings.com/players/josh-richardson,,2K26_only
,Kasparas Jakučionis,71,https://cdn.nba.com/headshots/nba/latest/1040x760/1642857.png,https://www.nba.com/player/1642857,1642857,
,Killian Hayes,71,https://www.2kratings.com/killian-hayes,https://www.2kratings.com/players/killian-hayes,,2K26_only
,Kobe Brown,71,https://cdn.nba.com/headshots/nba/latest/1040x760/1641738.png,https://www.nba.com/player/1641738,1641738,
,Lamar Stevens,71,https://www.2kratings.com/lamar-stevens,https://www.2kratings.com/players/lamar-stevens,,2K26_only
,Landry Shamet,71,https://cdn.nba.com/headshots/nba/latest/1040x760/1629013.png,https://www.nba.com/player/1629013,1629013,
,Luke Kornet,71,https://cdn.nba.com/headshots/nba/latest/1040x760/1628436.png,https://www.nba.com/player/1628436,1628436,
,Mac McClung,71,https://cdn.nba.com/headshots/nba/latest/1040x760/1630644.png,https://www.nba.com/player/1630644,1630644,
,Malaki Branham,71,https://cdn.nba.com/headshots/nba/latest/1040x760/1631103.png,https://www.nba.com/player/1631103,1631103,
,Markelle Fultz,71,https://www.2kratings.com/markelle-fultz,https://www.2kratings.com/players/markelle-fultz,,2K26_only
,Micah Potter,71,https://www.2kratings.com/micah-potter,https://www.2kratings.com/players/micah-potter,,2K26_only
,Mo Bamba,71,https://www.2kratings.com/mo-bamba,https://www.2kratings.com/players/mo-bamba,,2K26_only
,Nique Clifford,71,https://cdn.nba.com/headshots/nba/latest/1040x760/1642363.png,https://www.nba.com/player/1642363,1642363,
,P.J. Tucker,71,https://www.2kratings.com/pj-tucker,https://www.2kratings.com/players/pj-tucker,,2K26_only
,Patty Mills,71,https://www.2kratings.com/patty-mills,https://www.2kratings.com/players/patty-mills,,2K26_only
,RayJ Dennis,71,https://cdn.nba.com/headshots/nba/latest/1040x760/1642484.png,https://www.nba.com/player/1642484,1642484,
,Sharife Cooper,71,https://cdn.nba.com/headshots/nba/latest/1040x760/1630536.png,https://www.nba.com/player/1630536,1630536,
,Talen Horton-Tucker,71,https://www.2kratings.com/talen-horton-tucker,https://www.2kratings.com/players/talen-horton-tucker,,2K26_only
,Terence Davis,71,https://www.nba2klab.com/_next/image?url=https%3A%2F%2Fcdn.nba2klab.com%2Fplayer-portraits%2Fterence-davis.png&w=384&q=75,https://www.nba2klab.com/players/terence-davis,,2K26_only
,Terry Taylor,71,https://www.2kratings.com/terry-taylor,https://www.2kratings.com/players/terry-taylor,,2K26_only
,Thomas Sorber,71,https://cdn.nba.com/headshots/nba/latest/1040x760/1642850.png,https://www.nba.com/player/1642850,1642850,
,Tosan Evbuomwan,71,https://cdn.nba.com/headshots/nba/latest/1040x760/1641787.png,https://www.nba.com/player/1641787,1641787,
,Trevelin Queen,71,https://www.2kratings.com/trevelin-queen,https://www.2kratings.com/players/trevelin-queen,,2K26_only
,Trey Jemison III,71,https://cdn.nba.com/headshots/nba/latest/1040x760/1641998.png,https://www.nba.com/player/1641998,1641998,
,Tristan Vukcevic,71,https://cdn.nba.com/headshots/nba/latest/1040x760/1641774.png,https://www.nba.com/player/1641774,1641774,
,Tyler Kolek,71,https://cdn.nba.com/headshots/nba/latest/1040x760/1642278.png,https://www.nba.com/player/1642278,1642278,
,Vlatko Cancar,71,https://www.2kratings.com/vlatko-cancar,https://www.2kratings.com/players/vlatko-cancar,,2K26_only
,Adama Sanogo,70,https://www.2kratings.com/adama-sanogo,https://www.2kratings.com/players/adama-sanogo,,2K26_only
,Adou Thiero,70,https://cdn.nba.com/headshots/nba/latest/1040x760/1642876.png,https://www.nba.com/player/1642876,1642876,
,Alex Antetokounmpo,70,https://cdn.nba.com/headshots/nba/latest/1040x760/1630828.png,https://www.nba.com/player/1630828,1630828,
,Alex Ducas,70,https://www.2kratings.com/alex-ducas,https://www.2kratings.com/players/alex-ducas,,2K26_only
,Alex Len,70,https://www.2kratings.com/alex-len,,,2K26_only
,Alex Len,70,,https://www.2kratings.com/players/alex-len,,2K26_only
,Alex Reese,70,https://www.2kratings.com/alex-reese,https://www.2kratings.com/players/alex-reese,,2K26_only
,Alex Toohey,70,https://cdn.nba.com/headshots/nba/latest/1040x760/1642893.png,https://www.nba.com/player/1642893,1642893,
,Alijah Martin,70,https://cdn.nba.com/headshots/nba/latest/1040x760/1642918.png,https://www.nba.com/player/1642918,1642918,
,Alondes Williams,70,https://www.2kratings.com/alondes-williams,https://www.2kratings.com/players/alondes-williams,,2K26_only
,Amari Williams,70,https://cdn.nba.com/headshots/nba/latest/1040x760/1642873.png,https://www.nba.com/player/1642873,1642873,
,Antonio Reeves,70,https://cdn.nba.com/headshots/nba/latest/1040x760/1641810.png,https://www.nba.com/player/1641810,1641810,
,Ariel Hukporti,70,https://cdn.nba.com/headshots/nba/latest/1040x760/1630574.png,https://www.nba.com/player/1630574,1630574,
,Ben Saraf,70,https://cdn.nba.com/headshots/nba/latest/1040x760/1642879.png,https://www.nba.com/player/1642879,1642879,
,Bismack Biyombo,70,https://cdn.nba.com/headshots/nba/latest/1040x760/202687.png,https://www.nba.com/player/202687,202687,
,Bobi Klintman,70,https://cdn.nba.com/headshots/nba/latest/1040x760/1641752.png,https://www.nba.com/player/1641752,1641752,
,Branden Carlson,70,https://cdn.nba.com/headshots/nba/latest/1040x760/1642382.png,https://www.nba.com/player/1642382,1642382,
,Braxton Key,70,https://www.2kratings.com/braxton-key,https://www.2kratings.com/players/braxton-key,,2K26_only
,Bronny James,70,https://cdn.nba.com/headshots/nba/latest/1040x760/1642355.png,https://www.nba.com/player/1642355,1642355,
,Brooks Barnhizer,70,https://cdn.nba.com/headshots/nba/latest/1040x760/1642964.png,https://www.nba.com/player/1642964,1642964,
,Bruno Fernando,70,https://www.2kratings.com/bruno-fernando,https://www.2kratings.com/players/bruno-fernando,,2K26_only
,CJ Huntley,70,https://cdn.nba.com/headshots/nba/latest/1040x760/1643047.png,https://www.nba.com/player/1643047,1643047,
,Caleb Love,70,https://cdn.nba.com/headshots/nba/latest/1040x760/1631126.png,https://www.nba.com/player/1631126,1631126,
,Cam Christie,70,https://cdn.nba.com/headshots/nba/latest/1040x760/1642353.png,https://www.nba.com/player/1642353,1642353,
,Cam Spencer,70,https://cdn.nba.com/headshots/nba/latest/1040x760/1642285.png,https://www.nba.com/player/1642285,1642285,
,Chaz Lanier,70,https://cdn.nba.com/headshots/nba/latest/1040x760/1642404.png,https://www.nba.com/player/1642404,1642404,
,Chris Mañon,70,https://cdn.nba.com/headshots/nba/latest/1040x760/1643024.png,https://www.nba.com/player/1643024,1643024,
,Chris Youngblood,70,https://cdn.nba.com/headshots/nba/latest/1040x760/1642959.png,https://www.nba.com/player/1642959,1642959,
,Chucky Hepburn,70,https://cdn.nba.com/headshots/nba/latest/1040x760/1642935.png,https://www.nba.com/player/1642935,1642935,
,Chuma Okeke,70,https://www.2kratings.com/chuma-okeke,https://www.2kratings.com/players/chuma-okeke,,2K26_only
,Cody Zeller,70,https://www.2kratings.com/cody-zeller,https://www.2kratings.com/players/cody-zeller,,2K26_only
,Cole Swider,70,https://www.2kratings.com/cole-swider,https://www.2kratings.com/players/cole-swider,,2K26_only
,Colin Castleton,70,https://cdn.nba.com/headshots/nba/latest/1040x760/1630658.png,https://www.nba.com/player/1630658,1630658,
,Collin Gillespie,70,https://cdn.nba.com/headshots/nba/latest/1040x760/1631221.png,https://www.nba.com/player/1631221,1631221,
,Cui Yongxi,70,https://www.2kratings.com/cui-yongxi,https://www.2kratings.com/players/cui-yongxi,,2K26_only
,Curtis Jones,70,https://cdn.nba.com/headshots/nba/latest/1040x760/1642938.png,https://www.nba.com/player/1642938,1642938,
,D.J. Carton,70,https://www.2kratings.com/dj-carton,https://www.2kratings.com/players/dj-carton,,2K26_only
,DJ Steward,70,https://www.2kratings.com/dj-steward,https://www.2kratings.com/players/dj-steward,,2K26_only
,Daeqwon Plowden,70,https://cdn.nba.com/headshots/nba/latest/1040x760/1631342.png,https://www.nba.com/player/1631342,1631342,
,Daishen Nix,70,https://www.2kratings.com/daishen-nix,https://www.2kratings.com/players/daishen-nix,,2K26_only
,Daniss Jenkins,70,https://cdn.nba.com/headshots/nba/latest/1040x760/1642450.png,https://www.nba.com/player/1642450,1642450,
,David Duke Jr.,70,https://www.2kratings.com/david-duke-jr,https://www.2kratings.com/players/david-duke-jr,,2K26_only
,David Jones Garcia,70,https://cdn.nba.com/headshots/nba/latest/1040x760/1642357.png,https://www.nba.com/player/1642357,1642357,
,Dillon Jones,70,https://www.2kratings.com/dillon-jones,https://www.2kratings.com/players/dillon-jones,,2K26_only
,Drake Powell,70,https://cdn.nba.com/headshots/nba/latest/1040x760/1642962.png,https://www.nba.com/player/1642962,1642962,
,Drew Peterson,70,https://cdn.nba.com/headshots/nba/latest/1040x760/1641809.png,https://www.nba.com/player/1641809,1641809,
,Drew Timme,70,https://www.nba2klab.com/assets/images/players/drew-timme.png,https://www.nba2klab.com/players/drew-timme,,2K26_only
,Dru Smith,70,https://cdn.nba.com/headshots/nba/latest/1040x760/1630696.png,https://www.nba.com/player/1630696,1630696,
,Dylan Cardwell,70,https://cdn.nba.com/headshots/nba/latest/1040x760/1642928.png,https://www.nba.com/player/1642928,1642928,
,EJ Harkless,70,"https://www.gannett-cdn.com/content-pipeline-sports-images/sports2/nba/logos/26.png?format=png8&auto=webp&quality=85,75&width=30",/nba-2k/players/ej-harkless/1136744/,,2K26_only
,Eli John Ndiaye,70,https://cdn.nba.com/headshots/nba/latest/1040x760/1642947.png,https://www.nba.com/player/1642947,1642947,
,Eli N’Diaye,70,,https://www.2kratings.com/players/eli-n’diaye,,2K26_only
,Elijah Harkless,70,https://cdn.nba.com/headshots/nba/latest/1040x760/1641989.png,https://www.nba.com/player/1641989,1641989,
,Emanuel Miller,70,https://cdn.nba.com/headshots/nba/latest/1040x760/1641801.png,https://www.nba.com/player/1641801,1641801,
,Enrique Freeman,70,https://cdn.nba.com/headshots/nba/latest/1040x760/1642402.png,https://www.nba.com/player/1642402,1642402,
,Eugene Omoruyi,70,https://www.2kratings.com/eugene-omoruyi,https://www.2kratings.com/players/eugene-omoruyi,,2K26_only
,Garrett Temple,70,https://cdn.nba.com/headshots/nba/latest/1040x760/202066.png,https://www.nba.com/player/202066,202066,
,Harrison Ingram,70,https://cdn.nba.com/headshots/nba/latest/1040x760/1631127.png,https://www.nba.com/player/1631127,1631127,
,Hugo González,70,https://cdn.nba.com/headshots/nba/latest/1040x760/1642864.png,https://www.nba.com/player/1642864,1642864,
,Hunter Dickinson,70,https://cdn.nba.com/headshots/nba/latest/1040x760/1630621.png,https://www.nba.com/player/1630621,1630621,
,Hunter Sallis,70,https://cdn.nba.com/headshots/nba/latest/1040x760/1642282.png,https://www.nba.com/player/1642282,1642282,
,Hunter Tyson,70,https://cdn.nba.com/headshots/nba/latest/1040x760/1641816.png,https://www.nba.com/player/1641816,1641816,
,Isaiah Crawford,70,https://cdn.nba.com/headshots/nba/latest/1040x760/1642384.png,https://www.nba.com/player/1642384,1642384,
,Isaiah Mobley,70,https://www.2kratings.com/isaiah-mobley,https://www.2kratings.com/players/isaiah-mobley,,2K26_only
,Isaiah Stevens,70,https://cdn.nba.com/headshots/nba/latest/1040x760/1641815.png,https://www.nba.com/player/1641815,1641815,
,JD Davison,70,https://cdn.nba.com/headshots/nba/latest/1040x760/1631120.png,https://www.nba.com/player/1631120,1631120,
,JT Thor,70,https://www.2kratings.com/jt-thor,,,2K26_only
,JT Thor,70,,https://www.2kratings.com/players/jt-thor,,2K26_only
,Jackson Rowe,70,https://cdn.nba.com/headshots/nba/latest/1040x760/1642050.png,https://www.nba.com/player/1642050,1642050,
,Jacob Toppin,70,https://cdn.nba.com/headshots/nba/latest/1040x760/1631210.png,https://www.nba.com/player/1631210,1631210,
,Jahlil Okafor,70,https://www.2kratings.com/jahlil-okafor,https://www.2kratings.com/players/jahlil-okafor,,2K26_only
,Jahmai Mashack,70,https://www.nba2klab.com/images/players/jahmai-mashack.png,https://www.nba2klab.com/players/jahmai-mashack,,2K26_only
,Jahmir Young,70,https://cdn.nba.com/headshots/nba/latest/1040x760/1642443.png,https://www.nba.com/player/1642443,1642443,
,Jahmyl Telfort,70,https://cdn.nba.com/headshots/nba/latest/1040x760/1643141.png,https://www.nba.com/player/1643141,1643141,
,Jalen Crutcher,70,https://www.2kratings.com/jalen-crutcher,https://www.2kratings.com/players/jalen-crutcher,,2K26_only
,Jalen Hood-Schifino,70,https://www.2kratings.com/jalen-hood-schifino,https://www.2kratings.com/players/jalen-hood-schifino,,2K26_only
,Jamal Cain,70,https://cdn.nba.com/headshots/nba/latest/1040x760/1631288.png,https://www.nba.com/player/1631288,1631288,
,Jamaree Bouyea,70,https://www.2kratings.com/jamaree-bouyea,https://www.2kratings.com/players/jamaree-bouyea,,2K26_only
,James Johnson,70,https://www.2kratings.com/james-johnson,https://www.2kratings.com/players/james-johnson,,2K26_only
,Jamir Watkins,70,https://cdn.nba.com/headshots/nba/latest/1040x760/1642364.png,https://www.nba.com/player/1642364,1642364,
,Jason Preston,70,https://www.2kratings.com/jason-preston,https://www.2kratings.com/players/jason-preston,,2K26_only
,Javante McCoy,70,https://www.2kratings.com/javante-mccoy,https://www.2kratings.com/players/javante-mccoy,,2K26_only
,Javon Small,70,https://cdn.nba.com/headshots/nba/latest/1040x760/1642914.png,https://www.nba.com/player/1642914,1642914,
,Javonte Cooke,70,https://cdn.nba.com/headshots/nba/latest/1040x760/1631451.png,https://www.nba.com/player/1631451,1631451,
,Jaylen Martin,70,,,,2K26_only
,Jaylen Nowell,70,https://www.2kratings.com/jaylen-nowell,https://www.2kratings.com/players/jaylen-nowell,,2K26_only
,Jazian Gortman,70,https://www.2kratings.com/jazian-gortman,https://www.2kratings.com/players/jazian-gortman,,2K26_only
,Joan Beringer,70,https://cdn.nba.com/headshots/nba/latest/1040x760/1642866.png,https://www.nba.com/player/1642866,1642866,
,John Tonje,70,https://cdn.nba.com/headshots/nba/latest/1040x760/1642910.png,https://www.nba.com/player/1642910,1642910,
,Johni Broome,70,https://cdn.nba.com/headshots/nba/latest/1040x760/1641780.png,https://www.nba.com/player/1641780,1641780,
,Johnny Davis,70,https://www.2kratings.com/johnny-davis,https://www.2kratings.com/players/johnny-davis,,2K26_only
,Johnny Furphy,70,https://cdn.nba.com/headshots/nba/latest/1040x760/1642277.png,https://www.nba.com/player/1642277,1642277,
,Jordan Walsh,70,https://cdn.nba.com/headshots/nba/latest/1040x760/1641775.png,https://www.nba.com/player/1641775,1641775,
,Josh Christopher,70,https://www.2kratings.com/josh-christopher,https://www.2kratings.com/players/josh-christopher,,2K26_only
,Justin Minaya,70,https://www.2kratings.com/justin-minaya,https://www.2kratings.com/players/justin-minaya,,2K26_only
,Kai Jones,70,https://www.2kratings.com/kai-jones,https://www.2kratings.com/players/kai-jones,,2K26_only
,Kam Jones,70,https://cdn.nba.com/headshots/nba/latest/1040x760/1642880.png,https://www.nba.com/player/1642880,1642880,
,Keaton Wallace,70,https://cdn.nba.com/headshots/nba/latest/1040x760/1630811.png,https://www.nba.com/player/1630811,1630811,
,Kendall Brown,70,https://www.2kratings.com/kendall-brown,https://www.2kratings.com/players/kendall-brown,,2K26_only
,Keshad Johnson,70,https://cdn.nba.com/headshots/nba/latest/1040x760/1642352.png,https://www.nba.com/player/1642352,1642352,
,Kevin Knox II,70,https://www.2kratings.com/kevin-knox-ii,https://www.2kratings.com/players/kevin-knox-ii,,2K26_only
,Kevin McCullar Jr.,70,https://cdn.nba.com/headshots/nba/latest/1040x760/1641755.png,https://www.nba.com/player/1641755,1641755,
,Kevon Harris,70,https://cdn.nba.com/headshots/nba/latest/1040x760/1630284.png,https://www.nba.com/player/1630284,1630284,
,Kobe Sanders,70,https://cdn.nba.com/headshots/nba/latest/1040x760/1642920.png,https://www.nba.com/player/1642920,1642920,
,Koby Brea,70,https://cdn.nba.com/headshots/nba/latest/1040x760/1642886.png,https://www.nba.com/player/1642886,1642886,
,Kylor Kelley,70,https://www.2kratings.com/kylor-kelley,https://www.2kratings.com/players/kylor-kelley,,2K26_only
,Lachlan Olbrich,70,https://cdn.nba.com/headshots/nba/latest/1040x760/1642950.png,https://www.nba.com/player/1642950,1642950,
,Leonard Miller,70,https://cdn.nba.com/headshots/nba/latest/1040x760/1631159.png,https://www.nba.com/player/1631159,1631159,
,Lester Quinones,70,https://www.2kratings.com/lester-quinones,https://www.2kratings.com/players/lester-quinones,,2K26_only
,Liam McNeeley,70,https://cdn.nba.com/headshots/nba/latest/1040x760/1642862.png,https://www.nba.com/player/1642862,1642862,
,Luke Travers,70,https://cdn.nba.com/headshots/nba/latest/1040x760/1631247.png,https://www.nba.com/player/1631247,1631247,
,Malachi Flynn,70,https://www.2kratings.com/malachi-flynn,https://www.2kratings.com/players/malachi-flynn,,2K26_only
,Malevy Leons,70,https://www.2kratings.com/malevy-leons,https://www.2kratings.com/players/malevy-leons,,2K26_only
,Marcus Garrett,70,https://www.2kratings.com/marcus-garrett,https://www.2kratings.com/players/marcus-garrett,,2K26_only
,Mark Sears,70,https://cdn.nba.com/headshots/nba/latest/1040x760/1641813.png,https://www.nba.com/player/1641813,1641813,
,Mark Williams,70,https://cdn.nba.com/headshots/nba/latest/1040x760/1631109.png,https://www.nba.com/player/1631109,1631109,
,Markieff Morris,70,https://www.2kratings.com/markieff-morris,,,2K26_only
,Mason Jones,70,https://www.2kratings.com/mason-jones,https://www.2kratings.com/players/mason-jones,,2K26_only
,Matt Ryan,70,https://nba.2k.com/assets/players/matt-ryan.png,https://nba.2k.com/players/matt-ryan,,2K26_only
,Matt Ryan,70,,https://www.2kratings.com/players/matt-ryan,,2K26_only
,Max Shulga,70,https://cdn.nba.com/headshots/nba/latest/1040x760/1642917.png,https://www.nba.com/player/1642917,1642917,
,Maxime Raynaud,70,https://cdn.nba.com/headshots/nba/latest/1040x760/1642875.png,https://www.nba.com/player/1642875,1642875,
,Maxwell Lewis,70,https://www.2kratings.com/maxwell-lewis,https://www.2kratings.com/players/maxwell-lewis,,2K26_only
,Micah Peavy,70,https://cdn.nba.com/headshots/nba/latest/1040x760/1642877.png,https://www.nba.com/player/1642877,1642877,
,Miles Kelly,70,https://cdn.nba.com/headshots/nba/latest/1040x760/1642939.png,https://www.nba.com/player/1642939,1642939,
,Mohamed Diawara,70,https://cdn.nba.com/headshots/nba/latest/1040x760/1642885.png,https://www.nba.com/player/1642885,1642885,
,Moses Brown,70,https://www.2kratings.com/moses-brown,https://www.2kratings.com/players/moses-brown,,2K26_only
,Moussa Cisse,70,https://cdn.nba.com/headshots/nba/latest/1040x760/1630619.png,https://www.nba.com/player/1630619,1630619,
,Myron Gardner,70,https://cdn.nba.com/headshots/nba/latest/1040x760/1642066.png,https://www.nba.com/player/1642066,1642066,
,N'Faly Dante,70,https://cdn.nba.com/headshots/nba/latest/1040x760/1642368.png,https://www.nba.com/player/1642368,1642368,
,Nae'Qwan Tomlin,70,https://cdn.nba.com/headshots/nba/latest/1040x760/1641772.png,https://www.nba.com/player/1641772,1641772,
,Nate Williams,70,https://www.2kratings.com/nate-williams,https://www.2kratings.com/players/nate-williams,,2K26_only
,Nikola Djurisic,70,,https://www.2kratings.com/players/nikola-djurisic,,2K26_only
,Nikola Đurišić,70,https://cdn.nba.com/headshots/nba/latest/1040x760/1642365.png,https://www.nba.com/player/1642365,1642365,
,Nolan Traore,70,https://cdn.nba.com/headshots/nba/latest/1040x760/1642849.png,https://www.nba.com/player/1642849,1642849,
,N’Faly Dante,70,https://cdn.nba.com/headshots/nba/latest/1040x760/1642368.png,https://www.2kratings.com/players/n’faly-dante,,2K26_only
,Oscar Tshiebwe,70,https://cdn.nba.com/headshots/nba/latest/1040x760/1631131.png,https://www.nba.com/player/1631131,1631131,
,Oshae Brissett,70,https://www.2kratings.com/oshae-brissett,https://www.2kratings.com/players/oshae-brissett,,2K26_only
,Oso Ighodaro,70,https://cdn.nba.com/headshots/nba/latest/1040x760/1642345.png,https://www.nba.com/player/1642345,1642345,
,P.J. Dozier,70,https://www.2kratings.com/pj-dozier,https://www.2kratings.com/players/pj-dozier,,2K26_only
,PJ Hall,70,https://cdn.nba.com/headshots/nba/latest/1040x760/1641790.png,https://www.nba.com/player/1641790,1641790,
,Pacôme Dadiet,70,https://cdn.nba.com/headshots/nba/latest/1040x760/1642359.png,https://www.nba.com/player/1642359,1642359,
,Pat Spencer,70,https://cdn.nba.com/headshots/nba/latest/1040x760/1630311.png,https://www.nba.com/player/1630311,1630311,
,Patrick Baldwin Jr.,70,https://www.2kratings.com/patrick-baldwin-jr,https://www.2kratings.com/players/patrick-baldwin-jr,,2K26_only
,Pete Nance,70,https://cdn.nba.com/headshots/nba/latest/1040x760/1631250.png,https://www.nba.com/player/1631250,1631250,
,Phillip Wheeler,70,https://www.2kratings.com/phillip-wheeler,https://www.2kratings.com/players/phillip-wheeler,,2K26_only
,Rasheer Fleming,70,https://cdn.nba.com/headshots/nba/latest/1040x760/1642853.png,https://www.nba.com/player/1642853,1642853,
,Reece Beekman,70,https://www.2kratings.com/reece-beekman,https://www.2kratings.com/players/reece-beekman,,2K26_only
,Riley Minix,70,https://cdn.nba.com/headshots/nba/latest/1040x760/1642434.png,https://www.nba.com/player/1642434,1642434,
,Rocco Zikarsky,70,https://cdn.nba.com/headshots/nba/latest/1040x760/1642911.png,https://www.nba.com/player/1642911,1642911,
,Ron Harper Jr.,70,https://cdn.nba.com/headshots/nba/latest/1040x760/1631199.png,https://www.nba.com/player/1631199,1631199,
,Ryan Dunn,70,https://cdn.nba.com/headshots/nba/latest/1040x760/1642346.png,https://www.nba.com/player/1642346,1642346,
,Ryan Kalkbrenner,70,https://cdn.nba.com/headshots/nba/latest/1040x760/1641750.png,https://www.nba.com/player/1641750,1641750,
,Ryan Nembhard,70,https://cdn.nba.com/headshots/nba/latest/1040x760/1642948.png,https://www.nba.com/player/1642948,1642948,
,Seth Lundy,70,https://www.2kratings.com/seth-lundy,https://www.2kratings.com/players/seth-lundy,,2K26_only
,Sion James,70,https://cdn.nba.com/headshots/nba/latest/1040x760/1642883.png,https://www.nba.com/player/1642883,1642883,
,Skal Labissiere,70,https://www.2kratings.com/skal-labissiere,https://www.2kratings.com/players/skal-labissiere,,2K26_only
,Spencer Jones,70,https://cdn.nba.com/headshots/nba/latest/1040x760/1642461.png,https://www.nba.com/player/1642461,1642461,
,Stanley Umude,70,https://www.2kratings.com/stanley-umude,https://www.2kratings.com/players/stanley-umude,,2K26_only
,Taelon Peter,70,https://cdn.nba.com/headshots/nba/latest/1040x760/1643007.png,https://www.nba.com/player/1643007,1643007,
,Taj Gibson,70,https://www.2kratings.com/taj-gibson,https://www.2kratings.com/players/taj-gibson,,2K26_only
,Tamar Bates,70,https://cdn.nba.com/headshots/nba/latest/1040x760/1642926.png,https://www.nba.com/player/1642926,1642926,
,Taran Armstrong,70,https://www.2kratings.com/taran-armstrong,https://www.2kratings.com/players/taran-armstrong,,2K26_only
,Taze Moore,70,https://www.2kratings.com/taze-moore,https://www.2kratings.com/players/taze-moore,,2K26_only
,Thanasis Antetokounmpo,70,https://cdn.nba.com/headshots/nba/latest/1040x760/203648.png,https://www.nba.com/player/203648,203648,
,Tolu Smith,70,https://cdn.nba.com/headshots/nba/latest/1040x760/1642449.png,https://www.nba.com/player/1642449,1642449,
,Trentyn Flowers,70,https://cdn.nba.com/headshots/nba/latest/1040x760/1642280.png,https://www.nba.com/player/1642280,1642280,
,Trey Alexander,70,https://cdn.nba.com/headshots/nba/latest/1040x760/1641725.png,https://www.nba.com/player/1641725,1641725,
,Tristan Thompson,70,https://www.2kratings.com/tristan-thompson,https://www.2kratings.com/players/tristan-thompson,,2K26_only
,Tristen Newton,70,https://www.2kratings.com/tristen-newton,https://www.2kratings.com/players/tristen-newton,,2K26_only
,TyTy Washington,70,,https://www.2kratings.com/players/tyty-washington,,2K26_only
,TyTy Washington Jr.,70,https://www.2kratings.com/tyty-washington,https://www.hoopshype.com/nba-2k/players/tyty-washington-jr./1340789/,,2K26_only
,Tyler Smith,70,https://www.2kratings.com/tyler-smith,https://www.2kratings.com/players/tyler-smith,,2K26_only
,Tyrese Proctor,70,https://cdn.nba.com/headshots/nba/latest/1040x760/1642878.png,https://www.nba.com/player/1642878,1642878,
,Tyson Etienne,70,https://cdn.nba.com/headshots/nba/latest/1040x760/1630623.png,https://www.nba.com/player/1630623,1630623,
,Ulrich Chomche,70,https://www.nba2klab.com/_next/image?url=https%3A%2F%2Fres.cloudinary.com%2Fnba2klab%2Fimage%2Fupload%2Fv1757545680%2F2026%2FNBA%2FRoster%2FPlayers%2FUlrich-Chomche-68.png&w=640&q=75,https://www.nba2klab.com/teams/toronto-raptors/ulrich-chomche,,2K26_only
,Vladislav Goldin,70,https://cdn.nba.com/headshots/nba/latest/1040x760/1642884.png,https://www.nba.com/player/1642884,1642884,
,Wendell Moore Jr.,70,https://www.2kratings.com/wendell-moore-jr,https://www.2kratings.com/players/wendell-moore-jr,,2K26_only
,Will Richard,70,https://cdn.nba.com/headshots/nba/latest/1040x760/1642954.png,https://www.nba.com/player/1642954,1642954,
,Will Riley,70,https://cdn.nba.com/headshots/nba/latest/1040x760/1642860.png,https://www.nba.com/player/1642860,1642860,
,Yang Hansen,70,https://cdn.nba.com/headshots/nba/latest/1040x760/1642905.png,https://www.nba.com/player/1642905,1642905,
,Yanic Konan Niederhäuser,70,https://cdn.nba.com/headshots/nba/latest/1040x760/1642949.png,https://www.nba.com/player/1642949,1642949,
,Yuki Kawamura,70,https://www.nba2klab.com/assets/images/players/yuki-kawamura.png,https://www.nba2klab.com/players/yuki-kawamura,,2K26_only
